Row Labels;B;C;D;J;K;M;P;Q;W;X;Y;Z
FRI;;;;;;;252;;;;100;
ACWV;;;1000;;;;;;;;;100
AGEM;;;250;;;;;;;;;
AGG;;;11468;;;;2128;;;;;
AGQ;200;;32307;;1200;;13499;4650;;;;700
AGZ;;;100;;;;;;;;;
ALD;;;200;;;;;;;;;
AMJ;200;;22387;200;400;;4028;2900;;;;700
AMLP;600;;39771;200;500;;6774;400;;;200;1200
AMU;;;200;377;;;100;;;;;
AOA;;;;;;;1200;;;;;400
AOK;;;300;;;;;;;;;101
AOM;;;;;;;205;;;;;
AOR;;;380;;;;;;;;;
BAB;;;2800;;;;400;;;;200;
BABZ;;;180;;;;;;;;;
BAL;;;4900;;1400;;;;;;;
BBH;;;31369;200;1282;;10408;4350;;;;200
BDCL;;;4142;;;;;;;;;
BDCS;;;500;;;;;600;;;;
BIK;;;2500;;;;400;;;;;600
BIL;;;100;;;;100;;;;;
BIV;;;1491;;;;500;;;;;
BKF;;;977;;200;;8750;;;;;146
BKLN;;;21498;300;;;700;9720;;;;
BLV;;;700;;;;1323;;;;;
BND;;;7610;;;;;100;;;;
BNO;;;278;;;;;300;;;;
BOIL;;;325;;;;;;;;;
BOND;100;;2107;750;;;5087;;;;;
BONO;;;2226;;;;;;;;;
BRAQ;;;;;;;3000;;;;;
BRF;200;;;100;100;;1200;;;;;100
BRXX;;;;;;;;;;;;100
BSCE;;;8201;;;;;;;;;
BSCF;;;;;;;324;;;;;
BSCG;;;;;;;2000;1800;;;;1200
BSCH;;;234;;;;;;;;;
BSJE;;;570;;;;;;;;;
BSJF;;;100;;;;;;;;;
BSJG;;;1000;;;;100;;;;;200
BSJH;;;100;;700;;600;;;;;1100
BSV;2000;;5380;;;;204;;;;100;
BWX;;;1392;;;;1810;;;;;
BWZ;;;;;;;100;;;;;
BZQ;;;;;;;100;;;;;
CAFE;;;100;;;;;;;;;
CAPE;;;;;;;;334;;;;
CEW;;;225;;;;2100;;;;;
CFT;;;628;;;;1228;;;;100;
CGW;;;300;;;;340;;;;;
CHIQ;;100;300;500;;;4100;;;;;100
CIU;;;7510;100;;;;;;;;100
CLY;;;200;;;;;;;;;
CNPF;;;2000;;;;881;;;;;
COPX;;;300;;;;200;;;;;200
CORN;;;300;;;;100;;;;;
CORP;;;250;;;;;;;;;
CSD;;;;;;;147;;;;;
CSJ;100;;2161;;;;355;;;;;195
CSM;;;;;;;1000;;;;;
CURE;;;513;;;;100;;;;;
CUT;;;1923;;;;6857;;;;;100
CVOL;;;;;;;100;;;;;
CVY;100;;5030;;;;1373;100;;;;2301
CWB;;;12373;638;2300;;13300;;;;600;424
CWI;;;100;;;;;201;;;;100
DAG;200;;1411;300;;;;100;;;300;
DBA;;;1007;;400;;;;;;;
DBB;;;975;;;;1696;;;;;1000
DBC;100;;5820;100;5200;;1596;1300;100;600;200;4838
DBE;;;1570;;;;100;;;;;280
DBEF;;;1000;;;;1000;;;;;
DBJP;;;250;100;;;3000;;;;;
DBO;;;900;2600;;;300;500;;;500;1400
DBP;;;100;;;;100;;;;;
DBV;;;;;;;;;;100;;
DCNG;;;;;;;500;;;;;
DDM;;;4493;;;;400;300;;;;
DEM;;;3080;;;;2312;290;;;;100
DES;;;1736;;;;204;;;;;
DFJ;;;1563;;;;200;;;;;
DGAZ;;;16590;900;500;;1900;2100;;;400;
DGL;;;1300;;;;300;;;;;
DGLD;;;1145;;455;;;100;;;;
DGP;;;5595;;;;900;1134;;;;2034
DGS;;;100;;;;1500;500;;;;600
DGZ;;;1366;;100;;;;;;;
DHS;;;200;;100;;497;;;;;100
DIA;400;100;43182;1460;16079;;33634;18099;;100;200;19400
DIG;;;2212;;;;1597;103;;;;200
DIV;;;;;;;200;;;;;
DJP;;;777;;;;;;;;;
DLN;280;;418;;;;102;;;;;
DLS;;;355;;;;;;;;;
DOD;;;;;400;;;;;;;
DOG;;;8616;;770;;;800;;;;
DOL;;200;;;;;;;;;;
DON;;;300;;;;465;;;;;
DOO;;;513;;;;;;;;;
DPK;;;200;;;;;;;;;
DRN;100;100;2638;;100;;1000;;;100;;100
DRR;;;100;;;;;;;;;
DRV;1350;;;;;;;;;;;
DRW;;;500;;;;940;;;;;
DSI;;;;;;;700;;;;;
DSLV;;;13700;;;;7850;5875;;;;200
DTH;;;;;;;100;;;;;
DTN;;;544;243;;;;;;;;
DTO;;;5598;100;;;;;;;;
DTYS;;;332;;;;;;;;;
DUG;500;;19351;500;3500;;4410;1972;;;;1200
DUST;100;;29346;200;2100;;6295;1800;;200;100;3903
DVY;100;100;28859;300;1200;;7438;1000;;;100;3150
DVYE;;;200;;;;;;;;;
DWM;;;;;;;126;;;;;
DWX;;;1399;;;;;;;;;
DXD;;;8746;100;500;;500;700;;;;
DXJ;300;;141130;9244;6800;;76011;15050;;300;2499;16598
DYY;;;;;;;100;;;;;
DZK;;;1100;;;;393;;;;;
DZZ;;;13950;;8000;;2596;;;;3600;
EBND;;;309;;;;300;;;;;
ECH;;;350;;;;1000;;;;;
ECNS;;;469;;;;;;;;;
ECON;;;2500;;;;100;;;;;458
EDC;307;;6200;;600;;300;1415;;;100;
EDIV;;;1427;;;;;;;;;1975
EDV;100;;402;;200;;;;;;;
EDZ;;;5268;;;;100;500;;;;
EEB;;;421;;;;567;;;;;
EEM;50029;;205933;77991;34401;;332303;100648;;2000;34672;150517
EEMS;;;;;;;200;;;;;
EEMV;100;;1970;600;800;;6660;;100;;;200
EES;;;1366;;;;;;;;;
EEV;;;1169;;;;;500;;;;
EFA;2300;200;250034;32108;26300;;94571;149731;;9900;6900;73296
EFAV;;;2580;;;;;;;;;200
EFG;;;218;;;;;;;;;400
EFV;;;100;589;;;;;;;;
EFZ;;;;600;;;200;;;;1000;1400
EIDO;100;;2279;800;200;;16450;1200;;;;800
EIRL;;;;;;;200;;;;;
ELD;;;1583;;;;900;;;;;
EMB;;;10844;;800;;4600;;;;;900
EMLC;106;;1455;;;;3800;100;;;;500
EMLP;;;1466;;;;;;;;;
ENY;;;1000;;;;;;;;;
ENZL;;;100;;;;;700;;;;
EPHE;100;;5806;100;5300;;13620;;;;100;300
EPI;300;;13157;3116;3200;;41345;4500;;;;11300
EPOL;;;1550;;;;387;;;;;
EPP;;370;17371;700;400;;7910;800;;;;1000
EPU;;;;;;;813;;;;;
EPV;300;;2667;100;;;2500;;;;;
ERUS;;;100;;;;4130;200;;;;
ERX;300;300;25846;100;2459;;1898;2160;;;533;200
ERY;100;;29160;600;1604;;600;3000;;;;300
EUM;;;280;;;;;;;;;
EUO;;;26524;500;200;;;200;;;1700;
EWA;4182;;20565;800;3700;;26568;6699;100;;;3579
EWC;;;11260;200;;;2675;2733;;2300;100;400
EWD;236;;100;;;;2000;100;;;;400
EWG;700;;66811;22605;1000;;12722;14000;;;4500;20056
EWH;500;;10468;2594;100;;55850;400;;400;;3874
EWI;2900;;3651;300;790;;8210;2300;;;700;9770
EWJ;61984;;646847;211920;15601;;204897;20600;3000;10600;94991;49811
EWL;;;4022;;500;;8774;820;;;;5854
EWM;;;11194;1605;200;;21359;2591;;;;100
EWO;;;340;;;;;;;;;
EWP;200;200;6940;;100;;57092;1200;;;1054;4557
EWQ;;;1800;100;800;;5300;5600;;;;8742
EWS;195;;34842;7808;100;;30429;300;;;300;3400
EWSS;;;;;;;200;;;;;100
EWT;500;;9571;5200;100;;35286;7320;;300;1663;2744
EWU;875;;3857;3800;700;;1718;2316;;;3131;3796
EWW;100;;63509;591;1200;;15788;9500;;100;1400;3400
EWX;200;;;200;;;;;;;;
EWY;100;;8080;;100;;16577;907;;;;1011
EWZ;1400;1300;93430;9500;24149;;63508;18862;200;;3300;18350
EZA;;;;;500;;1100;100;;;;
EZJ;;;3000;100;;;900;;;;;300
EZM;;;1228;;;;;;;;;
EZU;;;352;;200;;3875;900;;;;3523
FAS;2000;100;48953;500;11995;;17038;2981;200;700;1800;4200
FAZ;1100;;44047;500;1820;;19095;400;;300;800;3300
FBT;;;100;;;;300;277;;;;
FCG;;;8700;;;;;;;;;700
FDL;;;1000;;;;1238;;;;;
FDN;;;803;;;;642;;;;;
FEZ;900;;825;1455;;;8100;2900;;;;4900
FFR;;;200;;;;400;;;;;
FGD;;;102;;;;323;;;;;
FIW;;;200;;;;;;;;;
FLAG;;;;;;;4674;;;;;
FLOT;;;11840;;;;400;;;;;
FLRN;;;500;;;;;;;;;
FNX;;;800;;100;;;;;;;
FNY;;;;;;;;900;;;;
FPE;;;1000;;;;;;;;;
FPX;;;1307;;;;;;;;;
FRN;;;123;;;;;;;;;
FTA;;;100;;;;8000;;;;;1400
FXA;;;1850;100;;;;;;;;729
FXC;;;1075;;100;;1150;200;;;;
FXD;;;;500;180;;200;500;;;100;
FXE;200;;;;;;;;;;300;1000
FXF;;;;;;;190;;;;;600
FXG;;;990;;100;;100;;;;;
FXH;;;450;;;;;;;;;
FXI;200;3000;82064;6347;6555;;95248;21652;;3300;1000;29171
FXL;;;1050;;;;1500;;;;;
FXO;;;;;;;100;2400;;;;
FXP;415;;1142;;;;;500;;;;
FXR;;;792;;;;;;;;;
FXS;;;;;;;1000;;;;;
FXY;;;874;100;;;9370;100;;;;100
FXZ;;;600;;993;;100;;;;;
FYX;;;;;;;106;;;;;
GASL;;;6012;;261;;400;;;;;
GASX;;;2012;;;;100;;;;;
GBF;;;3437;;;;;;;;;
GCC;;;525;;;;;;;;;
GDX;2219;;140724;6292;19626;;105190;48122;;100;8839;39232
GDXJ;;;55200;2584;8500;;30500;10101;;;700;7100
GEMS;;;;;;;200;;;;;
GEX;;;100;;;;;;;;;
GLD;1875;;76910;5166;8500;1800;37671;15139;200;100;2900;11544
GLDX;;;6733;;;;;100;;;;
GLL;100;;5360;300;3850;;900;500;;;300;2800
GLTR;;;100;;;;;;;;;
GNR;;;400;;;;1050;200;;;;
GOVT;;;100;;;;2073;;;;;
GRI;;;405;;;;;;;;;
GSC;100;;;;;;;;;;;
GSG;;;1090;;400;;650;100;;;;
GSP;;;498;100;;;1100;;;;;1000
GTAA;;;;;;;500;;;;;
GUNR;;;100;500;;;1136;;;;;
GWL;;;400;100;;;;;;;;
GWX;;;;;;;503;;;;;
GXC;100;;;;;;100;;;;;100
GXF;;;100;;;;100;;;;;
GXG;;;;;;;;;;;;800
HAO;;;5200;2200;;;5350;;;;;300
HAP;;;;;;;300;;;;;500
HDGE;;;15975;;;;500;400;;;;
HDV;;;5852;;200;;15231;100;;;;
HEDJ;;;145;;;;;;;;;
HGI;;;;;100;;;;;;;
HILO;;;;;;;;;;;;500
HYD;;;28863;;;;100;;;;;
HYG;100;;25298;1700;1249;;13500;6120;;;951;3765
HYLD;;;1300;;598;;200;;;;;
HYMB;;;440;;;;;;;;;
HYS;;;400;;;;1476;2600;;;;1100
IAK;;;550;;;;;;;;;
IAT;;;;;;;115;;;;;
IAU;;;22007;2015;138;;2236;200;;;300;
IBCB;;;;;;;200;;;;;
IBND;;;;;;;415;;;;;
ICF;;;599;;;;200;200;;;;400
IDU;;;501;;;;500;;;;;
IDV;;;4419;;;;3351;;;;;100
IDX;100;;2946;200;;;3597;1052;;;;
IDXJ;;;600;;;;630;;;;;
IEF;;;1410;;;;254;100;;;;
IEFA;;;100;;;;;;;;;
IEI;;;114;;;;;;;;;
IEMG;;;550;;;;1500;200;;;;
IEO;;;635;;;;;;;;;
IEV;;;1998;;;;1354;114;;;;600
IEZ;;;;100;;;200;;;;;
IGE;100;;216;;390;;3264;;;;100;
IGF;;;3610;;;;200;;;;;900
IGM;;;1077;;;;1000;100;;;;
IGN;;;290;;;;500;;;;;
IGV;;;;;;;900;;;;;
IHE;;;7170;;;;1020;200;;;;
IHF;100;;900;;;;600;500;;;;
IHI;;;15100;;;;1100;;;;;
IJH;200;;4260;100;1674;;300;400;;;;400
IJJ;;;200;;;;;;;;;
IJK;;;100;;;;200;;;;;
IJR;;;2097;;;;999;1008;;;;
IJS;;;100;;100;;100;;;;;
IJT;100;;600;;700;;100;;;;;
ILF;100;;2460;;500;;928;;;;100;900
ILTB;;;;;;;500;;;;;
INDL;;;470;;;;1200;;;;;
INP;;;500;;400;;1300;;;;;100
IOO;;;700;;;;259;441;;;;700
IPFF;;;162;;;;;;;;;
IPS;;;;;;;100;;;;;
IPU;;;;;;;;;;;;100
IST;;;500;;;;;;;;;
ITB;3200;;121780;10900;13349;;39019;20688;1100;17100;3000;20324
ITM;;;;;;;480;;;;;
ITOT;;;3090;;200;;100;;;;;
ITR;;;286;;;;;;;;;
IVE;;;;100;200;;200;100;;;;200
IVOG;;;700;;;;;;;;;
IVV;500;;21375;707;30924;;5142;3197;;;1500;8316
IVW;;;4434;;100;;1400;;;;;600
IWB;;;4210;;1491;;1499;1254;;100;;1100
IWC;;;345;;;;104;;;;;
IWD;;;2180;200;200;;1000;1600;;100;;3200
IWF;800;;17790;1000;1300;;4465;1700;;500;600;1700
IWL;;;;;;;332;;;;;
IWN;;;10800;;;;1400;300;;;;
IWO;;;300;;;;907;200;;;;200
IWP;;;;;;;1074;;;;;
IWR;;;1648;;;;;;;;;
IWS;;;2200;;100;;2142;;;;;
IWV;;;2400;200;;;900;200;;;;
IWW;;;;;;;247;;;;;
IWY;;;;;;;1000;;;;;
IWZ;;;;;;;1000;;;;;
IXC;300;;1732;500;100;;;;;;2000;
IXG;;;2540;;;;256;;;;;
IXJ;100;;1900;;300;;1629;;;;;2797
IXN;700;;1000;100;200;;;200;;;;200
IXUS;;;250;;;;;;;;;
IYE;;;700;;;;300;500;;;;500
IYF;200;;2909;;;;500;600;;;;
IYH;100;;;;100;;;200;;;794;
IYJ;;;;;;;100;;;;;
IYK;;;150;;;;798;;;;;
IYM;;;1005;100;;;1315;900;;;;
IYR;1400;;32054;600;5099;;14466;15537;100;3500;600;9744
IYT;800;;9255;1200;4745;;2809;16848;;;1200;8045
IYW;;;100;;;;3266;;;;;
IYY;;;;;;;800;;;;;
IYZ;;;3162;;;;1434;;;;;665
JGBD;;;5000;;;;;100;;;;
JGBS;;;;;;;;100;;;;
JJC;;;2000;;;;982;;;;;600
JJG;;;;;;;;;;;;582
JJT;;;;;;;4100;;;;;
JKE;;;;;;;1387;;;;;667
JKH;;;;;;;100;;;;;
JKL;;;;;;;314;;;;;
JNK;1400;;14449;400;1200;;10679;8408;;;2583;13104
JO;;;800;;;;;;;;;
JUNR;;;451;;;;;;;;;
KBE;250;;15695;;200;;2700;2500;100;1400;;3300
KBWC;;;;;;;437;;;;;
KBWD;;;;;100;;;;;;;
KBWY;;;5400;200;;;200;;;;;
KIE;;;165;;;;1900;;;;;
KOL;;;700;100;100;;1550;100;;;;100
KOLD;;;500;100;200;;;400;;;;
KRE;;;562;;;;400;200;;;;400
KRU;;;;;;;188;;;;;
KXI;;;350;;;;;;;;;
LBND;;;404;;;;;;;;;
LIT;;;1472;;1400;;400;;;;;
LQD;;;3265;;300;;2194;1400;;;;1700
LTPZ;;;100;;;;;;;;;
LWC;200;;8400;;200;;100;400;;;;
MATL;;;;;;;;;;;;200
MBB;;;935;;;;400;1500;;;;
MCHI;;;700;800;;;8620;600;;;;
MDD;;;;;;;161;;;;;
MDY;900;;7434;100;2300;900;3315;3900;100;300;;3152
MDYV;;;;;;;100;;;;;
MES;;;;;;;;100;;;;
MGC;;;;;310;;1000;200;;;;200
MGK;;;;;;;225;;;;;
MGV;;;208;;;;100;100;;100;;
MIDU;;;1100;;100;;;;;;;
MIDZ;;;;;;;;100;;;;
MINC;;;398;;;;617;;;;;
MINT;;;1430;;;;;;;;;
MLN;;;100;;;;;;;;;
MLPA;;;770;;;;;100;;;;300
MLPG;;;150;;;;;;;;;
MLPI;;;675;200;;;4200;1000;;;;
MLPL;;;5000;;;;;;;;;
MLPN;;;100;;;;;;;;;
MOAT;;;;109;200;;;;;;;100
MONY;;;100;;;;;;;;;
MOO;100;;1800;100;300;;6020;200;;;;200
MORL;;300;;;;;;;;;;
MORT;;;1260;100;;;100;;;;;100
MTK;;;;;;;1245;;;;;
MUB;;;300;;200;;526;;;;;700
MUNI;;;1394;;;;;;;;;
MVV;;;1264;;;;100;100;;;;
MXI;;;;;;;224;;;;;450
MYY;;;;;;;100;;;;;
MZZ;;;787;;;;200;;;;;
NGE;;;;;;;100;;;;;
NIB;;;600;100;;;;;;;;
NKY;;;5100;;;;6000;;;;;
NLR;;;;;;;100;;;;;
NORW;;;372;;;;;;;;;
NUGT;4300;13000;352777;1600;12805;;38891;12902;;1700;200;11600
OEF;100;;2443;600;600;;;200;;;300;
OIH;2600;;34785;1800;13879;;16883;13250;;100;3350;16067
OIL;;;10625;;150;;2300;;;;;200
PALL;100;;19339;;600;;1600;;;;;700
PBE;;;1600;;;;;;;;;614
PBJ;;;100;;;;600;;;;;
PBP;;;1200;100;;;;;;;;
PBS;;;1381;;;;;;;;;
PBW;;;100;;600;;700;;;;;1700
PCEF;;;1955;;;;;;;;100;
PCY;;;6794;;100;;460;100;;;;100
PDP;;;;;152;;100;;;;;100
PEJ;;;170;;;;100;;;;;
PERM;;;;;;;200;;;;;
PEY;;;1934;;;;;;;;;
PFF;;;24324;300;;;2108;400;;;;1200
PFI;;;;;;;200;;;;;
PFM;;;600;100;800;;;;200;;;
PGF;;;1800;;;;2204;;;;300;
PGJ;;;4342;200;500;;2671;;;;;100
PGX;800;;30827;400;1500;;4500;12600;;;5000;4500
PHB;;;1620;;;;426;;;;;
PHO;;;4669;200;100;;3761;;;;;
PHYS;100;;44294;700;500;;4500;;;;300;
PID;;;800;;465;;5000;;;;300;300
PIE;;;8593;500;;;424;;;;;
PIN;;;13080;;;;5100;;;;;
PIO;200;;5800;;900;;;100;;;;2435
PIZ;;;4135;;;;2908;;;;;2000
PJP;;;3311;;;;2127;800;;;;
PKB;;;300;;;;;;;;;
PKW;200;;1034;;;;300;;;;;100
PLND;;;905;;;;100;;;;;
PPH;;;200;;;;390;;;;;
PPLT;;;510;;;;;259;;;;
PRF;;;;;;;1050;;;;;
PRN;;;2600;;300;;700;;;;100;
PSK;;;3570;;;;500;;;;;
PSL;;;;;;;100;;;;;
PSLV;2000;;25866;;1200;;3200;700;;;1100;8885
PSP;;;5482;;;;;;;;;
PSQ;11200;;56832;1200;2600;;2800;4264;;;204;4800
PTF;;;;;;;;;;;;500
PWB;;;1235;;;;1800;;;;;
PXE;;;;;100;;;;;;;
PXH;;;4121;;;;2300;100;;;100;800
PXJ;;;2250;;4000;;225;;;;;
PXN;;;100;;;;133;;;;;
PXQ;;;;;;;500;;;;;
PXSV;;;;;;;1500;;;;;
PYZ;;;100;;;;;;;;;
PZA;;;3500;;800;;271;;;;;
PZI;;;;;;;;100;;;;100
QAI;;;946;;;;;;;;;
QID;700;;96639;100;4600;;9100;15200;;;2500;6330
QLD;255;;24932;500;700;;4700;5475;;;;3300
QLTA;;;100;;;;;;;;;
RBL;;;;;;;100;;;;;
REM;;;12105;1000;600;;3073;200;;;;
REMX;;;608;;;;;;;;;
REW;;;;;;;;300;;;;
REZ;;;655;;;;;;;;;
RFG;;;500;;;;;;;;;
RING;300;;;100;;;;;;;;
RJA;;;22448;27300;;;1300;;;;3800;
RJI;;;12000;;;;1513;600;;;;400
RJN;;;;1000;;;;;;;;
RLY;;;225;;;;;;;;;
ROM;;200;200;;;;;;;;;100
RPG;;;1000;;;;323;;;;;
RSP;;;2760;1200;4320;;500;;;;;581
RSX;500;;28295;4800;2200;;109599;8781;;;1400;3100
RTH;;;;;;;1000;;;;;
RTL;;;;;;;200;;;;;
RUSL;;;2569;;200;;;;;;;
RUSS;;;2544;400;200;;100;;;;;
RWM;100;;3597;;1500;;;7100;;1600;;1260
RWO;;;130;;;;898;;;;;100
RWR;;;1900;100;;;793;100;;;;100
RWX;100;;22926;900;3226;;9606;100;;;100;
RXL;;;2255;;;;618;;;;;
RYU;;;;;;;300;400;;;;
SAA;;;;;;;;100;;;;
SBB;;;100;;;;200;;;;;
SBM;;;1700;;;;;;;;;
SBND;;;;;;;2200;2850;;;;
SCHA;;;1100;;;;;1467;;;;
SCHB;;;2849;;;;1415;;;;;
SCHD;;;2650;;;;5050;3650;;;;
SCHE;;;475;;;;;;;;;
SCHF;;;4758;;;;11695;1100;;;;1305
SCHG;;;135;360;;;;151;;;;
SCHH;;;2409;;;;1800;;;;;200
SCHM;;;1133;;;;100;;;;;
SCHO;;;200;;;;;;;;;
SCHP;;;4405;;;;116;300;;;;
SCHR;;;275;;;;;;;;;
SCHV;;;823;;;;275;;;;;
SCHX;;;2258;;;;100;1200;;;;
SCHZ;;;200;;;;;;;;;
SCIF;;;520;;;;300;;;;;
SCIN;;;;;;;1150;;;;;
SCJ;;;1400;;;;100;;;;;
SCO;;;6913;;550;;1500;1451;;;;800
SCPB;;;1670;;;;438;;;;;100
SCZ;;;270;;;;;;;;;
SDIV;;;9790;;100;;2999;1200;;;;1300
SDOG;;;100;;;;;130;;;;809
SDOW;200;;9250;;;;200;1800;;100;;100
SDS;5900;4121;224481;21644;33392;;18555;29124;;400;5000;23348
SDY;400;;8735;400;208;;6005;200;;;100;300
SDYL;;;4995;;;;;;;;;
SFLA;;;;;;;100;;;;;
SGG;;;200;;100;;500;;;;;
SGOL;;;;;;;400;;;;;
SH;200;;39634;100;1986;;3502;5900;;600;600;3326
SHM;;;1859;;;;;;;;;
SHV;;;;;100;;100;;;;;
SHY;1600;;7130;;;;194;697;;;;
SIL;;;1720;;300;;11497;100;;;;
SIVR;;;3030;;5000;;1600;2500;;;10600;
SJNK;;;3613;;;;4100;100;;;;1900
SKF;;;4349;;200;;3350;2908;;;;1700
SLV;14500;3100;164399;9500;8646;;30131;12893;100;;8586;19085
SLVP;;;;;;;100;;;;;
SLX;;;1398;;;;200;;;;;
SLYG;;;;;;;100;;;;;
SMDD;100;;;;;;;;;;;
SMH;507;;27615;1080;700;;9515;6239;;;1115;4380
SMN;100;;6283;100;100;;200;;;;;
SOIL;;;1400;;;;;;;;;
SOXL;;;1300;;1200;;1278;569;;;;669
SOXS;;;21198;;;;700;420;;;100;
SPGH;;;;;;;;200;;;;
SPHB;;;2000;;;;2500;;;;;
SPHD;;;100;;;;;;;;;
SPLV;200;;17747;300;400;;5000;622;;;;200
SPPP;;;1200;;;;;;;;;
SPXL;1000;;24193;;1700;;2445;3874;;;100;200
SPXS;2000;;90050;;6901;;7400;25900;;;;
SPXU;;2200;115244;4511;10830;;3439;13505;;;300;2400
SRLN;;;600;400;;;800;;;;;
SRS;161;;;;;;100;;;;;
SRTY;200;;17480;;100;;1600;681;;;;
SSG;;;3856;100;100;;1793;;;;;
SSO;1300;;105266;300;38842;;10471;36286;;;1600;9677
STIP;;;430;;;;120;;;;;
STPZ;;;662;;;;;;;;;
SVXY;800;;4566;200;;;2200;1800;;100;400;800
TAN;;;6048;;2000;;146;1306;;;;
TAO;;;1925;400;;;3300;900;;;;1500
TBF;1500;;3096;1000;1229;;400;1071;;;1100;1300
TBT;5360;;24874;1754;3900;;6050;19972;;;1600;7900
TDD;;;100;;;;;;;;;
TDN;;;;;;;800;;;;;
TECL;100;;10450;;;;2200;2951;;;;
TECS;;;1451;;;;100;5026;;;;
THD;;;1875;;100;;11505;900;;;200;600
TIP;;;2924;;100;;;;;;;
TLO;;;;;;;100;;;;;
TLT;1300;600;64462;1900;5600;;15822;21501;;400;1700;9106
TMF;100;;1345;;200;;;;;;;
TMV;702;;7939;1200;900;;2900;26984;;;;1400
TNA;1900;100;113340;3700;15962;4500;16183;18285;;600;5000;9010
TOK;;;1400;;;;;;;;;
TOTS;;;;;;;266;;;;;
TTT;;;650;;;;300;;;;;
TUR;;;774;;;;2302;;;;;
TVIX;;;182659;1300;12785;;11449;10310;100;;100;2006
TWM;400;900;67090;1670;4478;;9700;9113;;100;6200;15856
TYO;;;200;;;;;;;;;
TZA;1000;;222220;3200;25470;;46623;42846;100;900;3400;9338
TZL;;;;;;;;;;;;100
UCO;;;31221;900;3100;;3700;6466;;;200;2383
UDOW;;;3484;;500;;300;;;;;100
UGA;;;1900;;;;;100;;;;100
UGAZ;;100;3768;;100;;700;;;;;
UGL;;;909;100;;;1600;100;;;100;
UGLD;;;10898;;;;1900;;;;;
UMDD;;;;;;;200;400;;;;
UNG;500;;26269;900;3000;;8212;12728;;;800;15300
UPRO;300;;23675;400;5400;500;1900;3296;;400;1000;1000
URA;600;;600;;;;200;;;;;
URE;;;600;1000;;;100;;;;700;526
URTY;400;;3910;;400;;;400;;200;;300
USCI;;;500;;;;;;;;;
USD;;;400;;;;400;;;;;
USLV;;;22121;;500;;3977;;;;;
USMV;;;8125;;100;;2300;900;;;;1900
USO;300;;9231;3833;;;19395;3037;;1200;2700;5063
USV;;;1000;;;;;100;;;;
UUP;800;;30197;1300;;;;100;;;1600;
UVU;;;100;;;;;;;;;
UVXY;23700;;497281;10250;75890;;31512;53723;;5200;12350;27017
UWM;100;;4039;;741;;132;469;;;;2500
UYG;;;1315;;;;400;;;;;300
UYM;;;9287;100;700;;700;400;;;100;300
VAW;;;250;100;;;857;;;;100;400
VB;;;4646;100;100;;2075;1100;;;;100
VBK;;;280;;;;100;;;;;
VBR;;;1011;200;200;;639;;;;;
VCR;;;;;;;;;;;;400
VDC;100;;4751;508;300;;3096;709;;;;400
VDE;;;200;100;;;;;;;;
VEA;2757;;11756;5614;3400;;16571;8903;;200;5528;13598
VEU;;;3654;;100;;3690;1000;;;;2400
VFH;;;3100;300;;;1095;;;;;1200
VGK;100;;4356;100;300;;3277;100;;;;400
VGT;100;;1500;700;475;;2712;200;;;;800
VHT;;;10793;100;;;100;400;;;;100
VIG;;;4082;300;;;1004;1725;;;;200
VIIX;1000;;;100;;;338;463;;200;100;
VIXM;100;;600;;;;;;;;;
VIXY;3200;;10932;100;2000;;2900;1655;;1100;;6600
VNM;;;3045;200;400;;8500;;;;100;200
VNQ;543;;8147;400;300;;4012;632;;;100;800
VO;;;511;;;;;100;;;;
VOE;;;599;;300;;;;;;;
VOO;;;13260;;2091;;5822;1900;;1100;1300;2326
VOT;;;920;;;;;;;;;
VOX;;;2600;;976;;2791;;;;;
VPL;200;;12658;300;;;6700;800;;;;1100
VPU;100;;3016;;761;;571;;;;;100
VRD;;;780;;;;;;;;;
VT;100;;7350;1000;;;7707;400;;;;400
VTI;;;17662;;1300;;5208;440;;;;2180
VTV;;;1228;;500;;485;;;;;
VUG;;;1897;;;;895;;;;;2863
VV;;;2511;;;;700;;;;;
VWO;800;250;31106;10290;7816;;78204;61981;;100;20548;41653
VXF;;;600;;;;150;;;;;
VXZ;100;;2637;;;;100;300;;;;200
VYM;;100;6475;500;;;200;;;;;
WDTI;;;401;;;;;;;;;
WEAT;;;;;;;700;;;;;
WEET;;;;;;;;;;;;100
WIP;;;400;;;;100;;;;;
WITE;;;350;;;;;;;;;
XBI;;;22423;909;2850;;9919;800;;100;;1342
XES;;;5101;500;1400;;1400;1200;100;;;1600
XHB;300;;66429;7200;4800;;37421;24505;;;900;17000
XHS;;;;;100;;;;;;;
XIV;1300;2600;100843;4400;24010;;6999;15421;;2100;3600;30092
XLB;1300;;29350;1700;17408;;38284;47514;;400;200;46760
XLE;6000;;49244;8401;30852;;43875;63579;300;1800;4500;63053
XLF;59755;100;157513;25823;34971;;182809;150264;;300;16663;150092
XLI;300;700;21834;1100;6100;;13631;8656;;2300;1450;5600
XLK;800;;48207;900;2400;;25754;18784;;200;2491;7400
XLP;800;;184805;17508;36780;;124192;74996;;2400;14115;59809
XLU;;;63861;4000;10375;;47383;23255;600;2300;400;31994
XLV;2200;;140847;1300;5200;;41082;19765;;200;998;52252
XLY;200;;11721;422;1500;;4417;1900;;;;2715
XME;2300;300;51420;8000;34119;;48247;20500;;1200;6314;23657
XMLV;;;;;;;700;;;;;
XOP;300;600;13250;3600;5600;;13142;15060;200;;1300;9200
XPP;;;;;;;200;;;;;
XRT;;;5900;;300;;2436;1700;;200;;1203
XSLV;;;;;;;500;;;;;
XTN;;;;;;;100;;;;;
XVZ;400;;385;100;;;;400;;;200;
YANG;;;700;;;;100;;;;;
YAO;;;;;;;1012;;;;;
YCS;;;2150;;;;23530;;;;;
YINN;;100;14606;500;5917;;7900;;;;;1780
YMLP;;;200;200;;;500;;;;;
ZIV;;;2204;;;;100;;;;;100
ZSL;;100;8849;300;3488;;4283;2800;;;700;1700